Date,SXXP Index,SX5E Index,MCXP Index
2/21/2022,454.81,3985.71,538.22
2/22/2022,455.12,3985.47,537.94
2/23/2022,453.86,3973.41,534.61
2/24/2022,438.96,3829.29,514.77
2/25/2022,453.53,3970.69,531.54
2/28/2022,453.11,3924.23,532.44
3/1/2022,442.37,3765.85,516.66
3/2/2022,446.33,3820.59,519.81
3/3/2022,437.36,3741.78,507.67
3/4/2022,421.78,3556.01,489.22
3/7/2022,417.13,3512.22,482.1
3/8/2022,415.01,3505.29,479.88
3/9/2022,434.45,3766.02,504.09
3/10/2022,427.12,3651.39,497.64
3/11/2022,431.17,3686.78,504.39
3/14/2022,436.35,3741.1,512.79
3/15/2022,435.12,3738.11,509.56
3/16/2022,448.45,3889.69,527.24
3/17/2022,450.49,3885.32,527.96
3/18/2022,454.6,3902.44,532.9
3/21/2022,454.79,3881.8,532.84
3/22/2022,458.65,3926.12,537.29
3/23/2022,454.03,3869.22,530.1
3/24/2022,453.07,3863.39,527.41
3/25/2022,453.55,3867.73,528.66
3/28/2022,454.17,3887.1,529.06
3/29/2022,462.09,4002.18,540.69
3/30/2022,460.19,3959.14,536.41
3/31/2022,455.86,3902.52,529.88
4/1/2022,458.34,3918.68,533.02
4/4/2022,462.19,3951.12,537.72
4/5/2022,463.07,3917.85,538.31
4/6/2022,455.97,3824.69,527.96
4/7/2022,455.02,3802.01,526.24
4/8/2022,460.97,3858.37,531.31
4/11/2022,458.26,3839.62,527.28
4/12/2022,456.65,3831.47,526.55
4/13/2022,456.78,3827.96,525.99
4/14/2022,459.82,3848.68,530.26
4/19/2022,456.28,3830.76,528.22
4/20/2022,460.1,3896.81,532.46
4/21/2022,461.57,3928.03,535.96
4/22/2022,453.31,3840.01,524.58
4/25/2022,445.11,3757.59,515.9
4/26/2022,441.1,3721.36,509.2
4/27/2022,444.31,3734.64,511.88
4/28/2022,447.07,3777.02,515.1
4/29/2022,450.39,3802.86,517.57
5/2/2022,443.83,3732.44,510.9
5/3/2022,446.2,3761.19,513.56
5/4/2022,441.37,3724.99,507.64
5/5/2022,438.26,3696.63,500.9
5/6/2022,429.91,3629.17,491.6
5/9/2022,417.46,3526.86,477.09
5/10/2022,420.29,3554.8,480.69
5/11/2022,427.59,3647.87,488.15
5/12/2022,424.4,3613.43,485.03
5/13/2022,433.48,3703.42,495.06
5/16/2022,433.67,3685.34,496.51
5/17/2022,438.97,3741.51,502.97
5/18/2022,433.95,3690.74,497.57
5/19/2022,427.99,3640.55,491.73
5/20/2022,431.1,3657.03,495.69
5/23/2022,436.54,3708.39,500.74
5/24/2022,431.58,3647.56,493.86
5/25/2022,434.31,3677.1,496.81
5/26/2022,437.71,3740.31,501.28
5/27/2022,443.93,3808.86,507.14
5/30/2022,446.57,3841.62,511.58
5/31/2022,443.35,3789.21,506.03
6/1/2022,438.72,3759.54,500.87
6/2/2022,441.23,3795.13,503.95
6/3/2022,440.09,3783.66,502.67
6/6/2022,444.12,3838.42,508.37
6/7/2022,442.88,3806.74,506.42
6/8/2022,440.37,3788.93,503.75
6/9/2022,434.38,3724.45,497.23
6/10/2022,422.71,3599.2,483.75
6/13/2022,412.52,3502.5,471.07
6/14/2022,407.32,3475.18,464.04
6/15/2022,413.1,3532.32,472.52
6/16/2022,402.88,3427.91,459.03
6/17/2022,403.25,3438.46,461.57
6/20/2022,407.14,3469.83,465.71
6/21/2022,408.58,3494,465.22
6/22/2022,405.74,3464.64,460.06
6/23/2022,402.4,3436.29,454.1
6/24/2022,412.93,3533.17,464.39
6/27/2022,415.09,3538.88,467.41
6/28/2022,416.19,3549.29,470.07
6/29/2022,413.42,3514.32,462.64
6/30/2022,407.2,3454.86,454.76
7/1/2022,407.13,3448.31,455.73
7/4/2022,409.31,3452.42,456.81
7/5/2022,400.68,3359.83,447.05
7/6/2022,407.34,3421.84,454.29
7/7/2022,415.01,3488.5,464.35
7/8/2022,417.12,3506.55,469.04
7/11/2022,415.02,3471.69,463.87
7/12/2022,417.04,3487.05,467.09
7/13/2022,412.81,3453.97,462.87
7/14/2022,406.5,3396.61,454.6
7/15/2022,413.78,3477.2,461.62
7/18/2022,417.63,3511.86,467.98
7/19/2022,423.41,3587.44,474.54
7/20/2022,422.51,3585.24,474.16
7/21/2022,424.39,3596.51,475.96
7/22/2022,425.71,3596.49,478.74
7/25/2022,426.25,3604.16,477.97
7/26/2022,426.13,3575.36,474.22
7/27/2022,428.12,3607.78,477.2
7/28/2022,432.77,3652.2,483.93
7/29/2022,438.29,3708.1,491.44
8/1/2022,437.46,3706.62,490.53
8/2/2022,436.07,3684.63,487.33
8/3/2022,438.29,3732.54,491.78
8/4/2022,439.06,3754.6,492.78
8/5/2022,435.72,3725.39,487.56
8/8/2022,438.93,3757.22,492.27
8/9/2022,435.98,3715.37,486.85
8/10/2022,439.88,3749.35,495.99
8/11/2022,440.16,3757.05,497.03
8/12/2022,440.87,3776.81,496.53
8/15/2022,442.35,3789.62,497.72
8/16/2022,443.07,3805.22,498.7
8/17/2022,439.03,3756.06,490.64
8/18/2022,440.76,3777.38,492.81
8/19/2022,437.36,3730.32,486.83
8/22/2022,433.17,3658.22,479.2
8/23/2022,431.35,3652.52,477.69
8/24/2022,432.05,3667.46,477.71
8/25/2022,433.36,3674.54,477.73
8/26/2022,426.09,3603.68,468.43
8/29/2022,422.65,3570.51,465.38
8/30/2022,419.81,3561.92,462.42
8/31/2022,415.12,3517.25,458.42
9/1/2022,407.66,3456.7,448.51
9/2/2022,415.97,3544.38,458.5
9/5/2022,413.39,3490.01,453.18
9/6/2022,414.38,3500.14,456.35
9/7/2022,412.01,3502.09,454.29
9/8/2022,414.09,3512.38,454.93
9/9/2022,420.37,3570.04,463.27
9/12/2022,427.75,3646.51,472.99
9/13/2022,421.13,3586.18,462.93
9/14/2022,417.51,3567.56,456.87
9/15/2022,414.78,3541.79,454.18
9/16/2022,408.24,3500.41,446.82
9/19/2022,407.87,3499.49,446.54
9/20/2022,403.42,3467.09,438.73
9/21/2022,407.05,3491.87,443.12
9/22/2022,399.76,3427.14,434.04
9/23/2022,390.4,3348.6,421.14
9/26/2022,388.75,3342.56,418.97
9/27/2022,388.24,3328.65,416.66
9/28/2022,389.41,3335.3,416.72
9/29/2022,382.89,3279.04,405.93
9/30/2022,387.85,3318.2,414.37
10/3/2022,390.83,3342.17,419.55
10/4/2022,403.03,3484.48,432.95
10/5/2022,398.91,3447.72,424.54
10/6/2022,396.35,3433.45,421.87
10/7/2022,391.67,3375.46,414.91
10/10/2022,390.12,3356.88,415.27
10/11/2022,387.95,3340.35,411.88
10/12/2022,385.88,3331.53,407.11
10/13/2022,389.15,3362.4,413.96
10/14/2022,391.31,3381.73,417.08
10/17/2022,398.48,3441.64,427.12
10/18/2022,399.84,3463.83,429.82
10/19/2022,397.73,3471.24,424.34
10/20/2022,398.77,3492.85,426.86
10/21/2022,396.29,3476.63,421.36
10/24/2022,401.84,3527.79,428.5
10/25/2022,407.61,3585.58,436.25
10/26/2022,410.31,3605.31,440.45
10/27/2022,410.19,3604.51,441.91
10/28/2022,410.76,3613.02,440.41
10/31/2022,412.2,3617.54,441.04
11/1/2022,414.61,3651.02,445.3
11/2/2022,413.39,3622.01,443.53
11/3/2022,409.55,3593.18,437.8
11/4/2022,416.98,3688.33,447.41
11/7/2022,418.34,3708.8,451.14
11/8/2022,421.61,3739.28,456.09
11/9/2022,420.34,3728.03,454.54
11/10/2022,431.89,3846.56,470.23
11/11/2022,432.26,3868.5,475.43
11/14/2022,432.86,3887.51,475.34
11/15/2022,434.44,3915.09,475.19
11/16/2022,430.17,3882.78,467.95
11/17/2022,428.38,3878.42,463.7
11/18/2022,433.33,3924.84,469.33
11/21/2022,433.06,3909.28,468.13
11/22/2022,436.22,3929.9,471.23
11/23/2022,438.82,3946.44,474.82
11/24/2022,440.84,3961.99,479.31
11/25/2022,440.73,3962.41,478.46
11/28/2022,437.85,3935.51,472.4
11/29/2022,437.29,3934.44,471.07
11/30/2022,440.04,3964.72,472.74
12/1/2022,443.96,3984.5,479.22
12/2/2022,443.29,3977.9,480.04
12/5/2022,441.47,3956.53,477.82
12/6/2022,438.92,3939.19,474.91
12/7/2022,436.2,3920.9,471.59
12/8/2022,435.47,3921.27,470.21
12/9/2022,439.13,3942.62,475.74
12/12/2022,436.98,3921.82,472.78
12/13/2022,442.6,3986.83,479.66
12/14/2022,442.51,3975.26,479.35
12/15/2022,429.91,3835.7,467.05
12/16/2022,424.74,3804.02,459.92
12/19/2022,425.87,3811.24,460.95
12/20/2022,424.18,3802.49,458.65
12/21/2022,431.44,3872.15,467.43
12/22/2022,427.26,3823.29,462.47
12/23/2022,427.45,3817.01,463.98
12/27/2022,428,3832.89,463.88
12/28/2022,427.46,3808.82,464.04
12/29/2022,430.35,3850.07,467.04
12/30/2022,424.89,3793.62,461.46
1/2/2023,428.95,3856.09,466.03
1/3/2023,434.18,3882.29,471.92
1/4/2023,440.19,3973.97,479.03
1/5/2023,439.33,3959.48,479.21
1/6/2023,444.42,4017.83,485.12
1/9/2023,448.35,4068.62,490.25
1/10/2023,445.71,4057.46,487.55
1/11/2023,447.41,4099.76,490.05
1/12/2023,450.22,4126.68,494.28
1/13/2023,452.54,4150.8,495.73
1/16/2023,454.63,4157,498.9
1/17/2023,456.46,4174.33,500.31
1/18/2023,457.53,4174.34,502.97
1/19/2023,450.45,4094.28,494.55
1/20/2023,452.12,4119.9,497.5
1/23/2023,454.49,4150.82,500.67
1/24/2023,453.38,4153.02,500.31
1/25/2023,452.07,4148.11,498.19
1/26/2023,453.98,4173.98,502.5
1/27/2023,455.17,4178.01,505.99
1/30/2023,454.4,4158.63,504.05
1/31/2023,453.21,4163.45,501.25
2/1/2023,453.09,4171.44,502.29
2/2/2023,459.2,4241.12,515.3
2/3/2023,460.77,4257.98,513.5
2/6/2023,457.16,4205.45,507.78
2/7/2023,458.19,4209.31,507.33
2/8/2023,459.46,4209.15,508.6
2/9/2023,462.31,4250.14,510.89
2/10/2023,457.89,4197.94,502.21
2/13/2023,462.03,4241.36,505.56
2/14/2023,462.4,4238.76,505.97
2/15/2023,464.36,4280.04,508.57
2/16/2023,465.24,4297.24,510.61
2/17/2023,464.3,4274.92,509.05
2/20/2023,464.64,4271.18,509.21
2/21/2023,463.77,4250.4,506.87
2/22/2023,462.22,4242.88,503.49
2/23/2023,462.5,4258.16,504.9
2/24/2023,457.7,4178.82,501.48
2/27/2023,462.58,4248.01,507.61
2/28/2023,461.11,4238.38,508.58
3/1/2023,457.68,4215.75,504.68
3/2/2023,460.02,4240.59,505.39
3/3/2023,464.26,4294.8,511.18
3/6/2023,464.18,4313.78,511.94
3/7/2023,460.6,4278.96,507.14
3/8/2023,460.99,4288.45,508.42
3/9/2023,459.98,4286.12,505.02
3/10/2023,453.76,4229.53,496.85
3/13/2023,442.8,4096.54,484.27
3/14/2023,449.56,4179.47,492.21
3/15/2023,436.45,4034.92,476.02
3/16/2023,441.64,4116.98,481.23
3/17/2023,436.31,4064.99,473.01
3/20/2023,440.6,4119.42,478.41
3/21/2023,446.47,4181.6,485.58
3/22/2023,447.16,4195.7,484.17
3/23/2023,446.22,4207.14,483.64
3/24/2023,440.11,4130.62,474.23
3/27/2023,444.72,4164.62,479.14
3/28/2023,444.45,4168.21,478.94
3/29/2023,450.21,4231.27,485.02
3/30/2023,454.84,4285.42,491.78
3/31/2023,457.84,4315.05,495.33
4/3/2023,457.72,4311.05,493.53
4/4/2023,457.34,4315.32,493
4/5/2023,456.59,4298.36,487.79
4/6/2023,458.94,4309.45,490.45
4/11/2023,461.79,4333.29,495.48
4/12/2023,462.38,4334.03,495.25
4/13/2023,464.21,4363.24,496.7
4/14/2023,466.91,4390.75,500.12
4/17/2023,466.84,4367.61,501.41
4/18/2023,468.61,4393.95,503.62
4/19/2023,468.13,4393.57,502.92
4/20/2023,467.43,4384.86,501.08
4/21/2023,469,4408.59,501.04
4/24/2023,468.97,4401.8,501.96
4/25/2023,467.08,4377.85,498.45
4/26/2023,463.21,4347.71,496.66
4/27/2023,464.03,4358.05,498.08
4/28/2023,466.64,4359.31,502.21
5/1/2023,466.89,4359.31,502.43
5/2/2023,461.08,4294.85,496.2
5/3/2023,462.51,4310.18,497.32
5/4/2023,460.34,4287.03,494.42
5/5/2023,465.31,4340.43,501.12
5/8/2023,466.94,4348.65,502.46
5/9/2023,465.41,4323.09,500.24
5/10/2023,463.64,4306.76,498.11
5/11/2023,463.62,4309.75,497.41
5/12/2023,465.49,4317.88,498.68
5/15/2023,466.67,4316.41,501.25
5/16/2023,464.7,4315.51,498.75
5/17/2023,463.98,4323.23,497.35
5/18/2023,465.79,4367.45,498.39
5/19/2023,468.85,4395.3,500.49
5/22/2023,468.91,4385.63,500.21
5/23/2023,466.1,4342.38,498.14
5/24/2023,457.65,4263.74,488.71
5/25/2023,456.18,4269.64,486.51
5/26/2023,461.41,4337.5,490.6
5/29/2023,460.87,4320.01,490.22
5/30/2023,456.63,4291.58,488.42
5/31/2023,451.76,4218.04,483.08
6/1/2023,455.27,4257.61,486.5
6/2/2023,462.15,4323.52,496.01
6/5/2023,459.93,4293.24,493.23
6/6/2023,461.68,4295.22,495.17
6/7/2023,460.8,4291.91,494.96
6/8/2023,460.7,4297.68,494.57
6/9/2023,460.01,4289.79,494.03
6/12/2023,460.73,4316.49,495.6
6/13/2023,463.27,4347.55,497.86
6/14/2023,464.94,4375.98,499.01
6/15/2023,464.33,4365.12,496.69
6/16/2023,466.8,4394.82,498.81
6/19/2023,462.04,4362.38,490.87
6/20/2023,459.32,4343.14,487.37
6/21/2023,457.01,4322.75,482.92
6/22/2023,454.7,4304.47,480.8
6/23/2023,453.14,4271.61,478.32
6/26/2023,452.68,4280.57,478.86
6/27/2023,452.9,4305.26,479.63
6/28/2023,456.05,4344.75,483.54
6/29/2023,456.64,4354.69,483.46
6/30/2023,461.93,4399.09,488.65
7/3/2023,460.98,4398.15,489.07
7/4/2023,461.3,4390.99,490.61
7/5/2023,457.94,4350.71,486.52
7/6/2023,447.22,4223.09,475.53
7/7/2023,447.65,4236.6,479.03
7/10/2023,448.47,4256.51,479.72
7/11/2023,451.72,4286.56,485.19
7/12/2023,458.54,4360.46,494.23
7/13/2023,461.36,4391.76,496.89
7/14/2023,460.83,4400.11,494.65
7/17/2023,457.92,4356.79,492.16
7/18/2023,460.76,4369.73,496.57
7/19/2023,461.97,4362.28,500.38
7/20/2023,463.93,4373.73,501.03
7/21/2023,465.4,4391.41,502.14
7/24/2023,465.68,4383.03,502.64
7/25/2023,467.92,4391.3,505.96
7/26/2023,465.46,4346.15,505.35
7/27/2023,471.74,4447.44,509.84
7/28/2023,470.78,4466.5,507.96
7/31/2023,471.35,4471.31,507.99
8/1/2023,467.16,4407.54,503.63
8/2/2023,460.84,4336.5,496.84
8/3/2023,457.93,4304.63,494.85
8/4/2023,459.28,4332.91,497.11
8/7/2023,459.68,4337.5,497
8/8/2023,458.6,4288.85,492.77
8/9/2023,460.58,4317.33,494.29
8/10/2023,464.23,4384.04,498.4
8/11/2023,459.17,4321.33,492.48
8/14/2023,459.86,4330.23,492.96
8/15/2023,455.57,4288.57,489.42
8/16/2023,455.29,4284.27,488.73
8/17/2023,451.19,4227.83,483.42
8/18/2023,448.44,4212.95,479.27
8/21/2023,448.66,4224.87,478.21
8/22/2023,451.7,4260.37,481.29
8/23/2023,453.45,4266.67,482.6
8/24/2023,451.57,4232.22,480.83
8/25/2023,451.39,4236.25,480.62
8/28/2023,455.41,4293.69,484.98
8/29/2023,459.83,4326.47,491.18
8/30/2023,459.13,4315.31,491.79
8/31/2023,458.19,4297.11,492.52
9/1/2023,458.13,4282.64,491.85
9/4/2023,457.96,4279.87,491.7
9/5/2023,456.9,4269.16,490
9/6/2023,454.3,4238.26,487.26
9/7/2023,453.67,4221.02,484.72
9/8/2023,454.66,4237.19,485.26
9/11/2023,456.21,4254.33,487.52
9/12/2023,455.4,4242.27,485.64
9/13/2023,453.94,4223.48,484.57
9/14/2023,460.86,4279.75,491.1
9/15/2023,461.93,4295.05,492.21
9/18/2023,456.72,4245.88,486.36
9/19/2023,456.52,4242.7,485.41
9/20/2023,460.66,4275.98,490.36
9/21/2023,454.67,4212.59,483.65
9/22/2023,453.26,4207.16,481.36
9/25/2023,450.44,4167.37,477.41
9/26/2023,447.7,4129.18,474.02
9/27/2023,446.91,4131.68,471.77
9/28/2023,448.5,4161.56,471.85
9/29/2023,450.22,4174.66,476.36
10/2/2023,445.59,4137.63,470.23
10/3/2023,440.7,4095.59,463.79
10/4/2023,440.08,4099.85,462.44
10/5/2023,441.31,4099.81,463.82
10/6/2023,444.93,4144.43,468.35
10/9/2023,443.79,4112.57,466.1
10/10/2023,452.48,4205.23,475.63
10/11/2023,453.16,4200.8,474.91
10/12/2023,453.63,4198.23,474.09
10/13/2023,449.18,4136.12,467.18
10/16/2023,450.2,4149.86,469.75
10/17/2023,449.76,4152.32,468.83
10/18/2023,445.02,4105.86,463.53
10/19/2023,439.73,4090.33,457.94
10/20/2023,433.73,4024.68,451.22
10/23/2023,433.18,4041.75,450.65
10/24/2023,435.09,4065.37,452.84
10/25/2023,435.27,4073.35,449.26
10/26/2023,433.2,4049.4,449.41
10/27/2023,429.58,4014.36,448.9
10/30/2023,431.12,4028.32,450.69
10/31/2023,433.66,4061.12,455.87
11/1/2023,436.57,4091.71,458.58
11/2/2023,443.47,4169.62,466.07
11/3/2023,444.24,4174.67,471.56
11/6/2023,443.52,4158.64,469.74
11/7/2023,442.81,4153.37,469.49
11/8/2023,444.07,4178.49,470.7
11/9/2023,447.8,4229.2,476.3
11/10/2023,443.31,4197.36,470.91
11/13/2023,446.62,4232.19,474.48
11/14/2023,452.6,4291.72,485.91
11/15/2023,454.52,4315.53,488.35
11/16/2023,451.27,4302.45,482.54
11/17/2023,455.82,4340.77,487.4
11/20/2023,456.26,4342.41,488.66
11/21/2023,455.85,4331.9,486.35
11/22/2023,457.24,4352.02,487.78
11/23/2023,458.47,4361.32,488.74
11/24/2023,459.98,4372.1,490.98
11/27/2023,458.41,4354.41,490.32
11/28/2023,457.04,4348.02,489.73
11/29/2023,459.1,4370.53,493.18
11/30/2023,461.61,4382.47,494.95
12/1/2023,466.2,4418.51,501.1
12/4/2023,465.78,4414.95,499.72
12/5/2023,467.62,4452.77,501.79
12/6/2023,470.06,4483.26,506.33
12/7/2023,468.78,4473.77,505.6
12/8/2023,472.26,4523.31,508.54
12/11/2023,473.7,4540.19,510.09
12/12/2023,472.72,4536.61,507.98
12/13/2023,472.46,4530.19,506.66
12/14/2023,476.57,4539.16,517.14
12/15/2023,476.61,4549.44,517.32
12/18/2023,475.32,4521.13,515.5
12/19/2023,477.04,4535.4,518.71
12/20/2023,477.94,4533.82,519.95
12/21/2023,476.94,4524.86,517.91
12/22/2023,477.6,4521.47,518.74
12/27/2023,478.62,4528.38,520.7
12/28/2023,478.08,4514.38,518.99
12/29/2023,478.99,4521.44,518.81
1/2/2024,478.51,4512.81,517.95
1/3/2024,474.4,4448.13,511.16
1/4/2024,477.68,4474.01,514.7
1/5/2024,476.38,4463.51,513.57
1/8/2024,478.18,4485.48,516.38
1/9/2024,477.26,4467.17,514.33
1/10/2024,476.42,4468.98,511.64
1/11/2024,472.77,4442.28,507.85
1/12/2024,476.76,4480.02,511.7
1/15/2024,474.19,4454.68,508.78
1/16/2024,473.06,4446.51,505.74
1/17/2024,467.71,4403.08,498.44
1/18/2024,470.45,4453.05,501.03
1/19/2024,469.24,4448.83,498.54
1/22/2024,472.86,4480.32,503.68
1/23/2024,471.53,4465.91,503.34
1/24/2024,477.09,4564.11,507.77
1/25/2024,478.53,4582.26,508.51
1/26/2024,483.84,4635.47,512.76
1/29/2024,484.84,4639.36,511.19
1/30/2024,485.63,4662.7,510.95
1/31/2024,485.67,4648.4,512.75
2/1/2024,483.86,4638.6,509.96
2/2/2024,483.93,4654.55,509.03
2/5/2024,483.69,4655.27,505.78
2/6/2024,486.76,4690.87,508.89
2/7/2024,485.63,4678.85,507.58
2/8/2024,485.27,4710.78,506.4
2/9/2024,484.83,4715.87,505.5
2/12/2024,487.46,4746.35,510.16
2/13/2024,482.83,4689.28,503.35
2/14/2024,485.24,4709.22,506.36
2/15/2024,488.54,4743.17,510.36
2/16/2024,491.59,4765.65,513.81
2/19/2024,492.39,4763.07,513.42
2/20/2024,491.9,4760.28,513.19
2/21/2024,491.05,4775.31,513.14
2/22/2024,495.1,4855.36,516.18
2/23/2024,497.25,4872.57,517.78
2/26/2024,495.43,4864.29,514.34
2/27/2024,496.33,4885.74,515.93
2/28/2024,494.59,4883.77,512.48
2/29/2024,494.61,4877.77,513.53
3/1/2024,497.58,4894.86,516.3
3/4/2024,497.41,4912.92,513.29
3/5/2024,496.27,4893.07,512.92
3/6/2024,498.21,4915.49,515.2
3/7/2024,503.16,4974.22,517.58
3/8/2024,503.26,4961.11,518.86
3/11/2024,501.49,4930.42,517.12
3/12/2024,506.52,4983.2,521.5
3/13/2024,507.33,5000.55,521.5
3/14/2024,506.4,4993.12,520.77
3/15/2024,504.8,4986.02,520.85
3/18/2024,503.94,4982.76,520
3/19/2024,505.23,5007.92,521.7
3/20/2024,505.21,5000.31,523.43
3/21/2024,509.77,5052.31,529.96
3/22/2024,509.64,5031.15,530.72
3/25/2024,509.86,5044.19,529.44
3/26/2024,511.09,5064.18,531.46
3/27/2024,511.75,5081.74,532.79
3/28/2024,512.67,5083.42,533.74
4/2/2024,508.57,5042,529.6
4/3/2024,510.02,5069.25,531.38
4/4/2024,510.84,5070.76,533.92
4/5/2024,506.55,5014.75,529.01
4/8/2024,508.93,5046.05,533.02
4/9/2024,505.82,4990.9,530.71
4/10/2024,506.59,5000.83,530.47
4/11/2024,504.55,4966.68,527.77
4/12/2024,505.25,4955.01,526.93
4/15/2024,505.93,4984.48,528.25
4/16/2024,498.21,4916.99,519.17
4/17/2024,498.52,4914.13,519.75
4/18/2024,499.7,4936.57,521.92
4/19/2024,499.29,4918.09,520.61
4/22/2024,502.31,4936.85,524.43
4/23/2024,507.79,5008.17,530.03
4/24/2024,505.61,4989.88,526.49
4/25/2024,502.38,4939.01,522.19
4/26/2024,507.98,5006.85,526.85
4/29/2024,508.34,4981.09,529.97
4/30/2024,504.89,4921.22,526.48
5/1/2024,504.31,4921.22,525.7
5/2/2024,503.21,4890.61,526.15
5/3/2024,505.53,4921.48,530.58
5/6/2024,508.22,4956.96,534.18
5/7/2024,514.02,5016.1,538.26
5/8/2024,515.77,5038.17,540.17
5/9/2024,516.77,5054.41,541.58
5/10/2024,520.76,5085.08,545.54
5/13/2024,520.86,5078.96,545.8
5/14/2024,521.65,5080.29,548.52
5/15/2024,524.71,5100.9,552.87
5/16/2024,523.62,5072.45,553.6
5/17/2024,522.94,5064.14,551.9
5/20/2024,523.89,5074.34,553.1
5/21/2024,522.95,5046.99,551.72
5/22/2024,521.18,5025.17,549.9
5/23/2024,521.56,5037.6,548.8
5/24/2024,520.57,5035.41,549.33
5/27/2024,522.21,5059.2,551.33
5/28/2024,519.08,5030.35,548.54
5/29/2024,513.45,4963.2,541.13
5/30/2024,516.5,4982.18,544.78
5/31/2024,518.17,4983.67,545.39
6/3/2024,519.85,5003.54,548.01
6/4/2024,517.05,4953.37,543.16
6/5/2024,521.23,5035.66,543.74
6/6/2024,524.68,5069.09,544.56
6/7/2024,523.55,5051.31,542.41
6/10/2024,522.16,5016.48,541.13
6/11/2024,517.29,4965.09,535.5
6/12/2024,522.89,5034.43,541.74
6/13/2024,516.04,4935.5,533.59
6/14/2024,511.05,4839.14,526.51
6/17/2024,511.49,4880.42,526.49
6/18/2024,515.01,4915.47,531.22
6/19/2024,514.13,4885.45,530.31
6/20/2024,518.91,4947.73,535.55
6/21/2024,515.11,4907.3,531.28
6/24/2024,518.87,4950.98,535.08
6/25/2024,517.7,4935.97,531.36
6/26/2024,514.81,4915.94,528.12
6/27/2024,512.59,4902.6,525.86
6/28/2024,511.42,4894.02,524.17
7/1/2024,513.04,4929.99,526.76
7/2/2024,510.91,4906.33,524.1
7/3/2024,514.67,4965.8,530.72
7/4/2024,517.54,4987.48,534.16
7/5/2024,516.6,4979.39,534.72
7/8/2024,516.43,4969.83,534.5
7/9/2024,511.76,4903.62,530.19
7/10/2024,516.42,4958.86,535.12
7/11/2024,519.51,4976.13,539.83
7/12/2024,524.08,5043.02,544.25
7/15/2024,518.73,4983.11,538.49
7/16/2024,517.3,4947.83,538.05
7/17/2024,514.83,4891.46,536.87
7/18/2024,514.01,4870.12,539.8
7/19/2024,510.03,4827.24,533.36
7/22/2024,514.79,4897.44,536.58
7/23/2024,515.47,4916.8,536.36
7/24/2024,512.3,4861.87,534.15
7/25/2024,508.63,4811.28,529.62
7/26/2024,512.83,4862.5,533.88
7/29/2024,511.79,4815.39,533.51
7/30/2024,514.08,4841,535.88
7/31/2024,518.18,4872.94,539.18
8/1/2024,511.83,4765.72,531.86
8/2/2024,497.85,4638.7,518.6
8/5/2024,487.05,4571.6,505.41
8/6/2024,488.44,4575.22,506
8/7/2024,495.96,4668.06,514.52
8/8/2024,496.37,4668.74,512.46
8/9/2024,499.19,4675.28,515.35
8/12/2024,499.08,4671.88,517.07
8/13/2024,501.66,4694.92,519.1
8/14/2024,504.1,4727.6,522.16
8/15/2024,509.88,4807.77,526.83
8/16/2024,511.45,4840.52,528.55
8/19/2024,514.59,4871.41,532.65
8/20/2024,512.27,4857.58,529.1
8/21/2024,513.95,4885.28,530.83
8/22/2024,515.74,4885,532.94
8/23/2024,518.13,4909.2,536.91
8/26/2024,518.05,4896.69,537.32
8/27/2024,518.88,4898.78,537.77
8/28/2024,520.6,4913.03,538.74
8/29/2024,524.57,4966.27,541.42
8/30/2024,525.05,4957.98,543.2
9/2/2024,524.94,4973.07,543.05
9/3/2024,519.84,4912.52,538.21
9/4/2024,514.82,4848.18,534.64
9/5/2024,512.05,4815.15,535.15
9/6/2024,506.56,4738.06,529.43
9/9/2024,510.7,4778.66,533.53
9/10/2024,507.95,4747.2,531.04
9/11/2024,508.02,4763.58,529.97
9/12/2024,512.08,4814.08,533.91
9/13/2024,515.95,4843.99,539.67
9/16/2024,515.11,4827.63,539.15
9/17/2024,517.19,4860.78,543.37
9/18/2024,514.59,4835.3,541.29
9/19/2024,521.67,4943.38,548.04
9/20/2024,514.26,4871.54,541.04
9/23/2024,516.32,4885.57,543.78
9/24/2024,519.7,4940.72,546.63
9/25/2024,519.14,4916.89,547.26
9/26/2024,525.61,5032.59,553.31
9/27/2024,528.08,5067.45,556.95
9/30/2024,522.89,5000.45,550.23
10/1/2024,520.88,4954.15,547.17
10/2/2024,521.14,4963.29,546.39
10/3/2024,516.29,4921.33,540.37
10/4/2024,518.56,4954.94,543.71
10/7/2024,519.48,4969.71,542.7
10/8/2024,516.64,4949,539.65
10/9/2024,520.05,4982.57,544.03
10/10/2024,519.11,4970.34,541.04
10/11/2024,521.98,5003.92,544.48
10/14/2024,524.76,5041.01,545.6
10/15/2024,520.57,4946.73,545.53
10/16/2024,519.6,4908.71,546.24
10/17/2024,523.91,4947.3,548.72
10/18/2024,524.99,4986.27,549.06
10/21/2024,521.52,4941.22,544.62
10/22/2024,520.4,4939.31,542.9
10/23/2024,518.84,4922.55,541.34
10/24/2024,518.98,4935.45,540.88
10/25/2024,518.81,4943.09,541.17
10/28/2024,520.95,4969.83,543.86
10/29/2024,517.99,4950.02,540.21
10/30/2024,511.51,4885.75,534.65
10/31/2024,505.39,4827.63,527.48
11/1/2024,510.9,4877.75,533.28
11/4/2024,509.21,4852.1,533.33
11/5/2024,509.53,4870.33,535.45
11/6/2024,506.78,4800.63,531.26
11/7/2024,509.92,4851.96,537.33
11/8/2024,506.63,4802.76,534.89
11/11/2024,512.37,4854.03,540.03
11/12/2024,502.23,4744.69,530.61
11/13/2024,501.59,4740.34,527.93
11/14/2024,507.03,4833.53,533.81
11/15/2024,503.12,4794.85,531.67
11/18/2024,502.84,4790.33,530.35
11/19/2024,500.6,4751.23,527.36
11/20/2024,500.49,4729.71,525.87
11/21/2024,502.54,4755.83,527.13
11/22/2024,508.47,4789.08,533.89
11/25/2024,508.78,4799.87,536.18
11/26/2024,505.9,4761.99,532.1
11/27/2024,504.96,4733.15,533.07
11/28/2024,507.3,4758.65,535.06
11/29/2024,510.25,4804.4,536.76
12/2/2024,513.61,4846.73,537.94
12/3/2024,515.53,4878.51,540.1
12/4/2024,517.45,4919.02,544.25
12/5/2024,519.53,4951.58,547.88
12/6/2024,520.47,4977.78,547.86
12/9/2024,521.22,4985.46,547.75
12/10/2024,518.49,4951.74,546.5
12/11/2024,519.95,4959.35,547.71
12/12/2024,519.2,4965.53,545.57
12/13/2024,516.45,4967.95,543.43
12/16/2024,515.83,4947.03,539.9
12/17/2024,513.66,4942.58,535.43
12/18/2024,514.43,4957.28,536.06
12/19/2024,506.66,4879,528.79
12/20/2024,502.19,4862.28,528.42
12/23/2024,502.91,4852.93,528.18
12/24/2024,503.81,4857.86,529.5
12/27/2024,507.18,4898.88,532.13
12/30/2024,504.85,4869.28,530.47
12/31/2024,507.62,4895.98,533.35
1/2/2025,510.67,4917.88,536.29
1/3/2025,508.19,4871.45,533.67
1/6/2025,513.02,4986.64,536.73
1/7/2025,514.67,5011.82,536.11
1/8/2025,513.67,4996.39,532.39
1/9/2025,515.84,5017.91,532.71
1/10/2025,511.5,4977.26,527.65
1/13/2025,508.68,4954.21,525.38
1/14/2025,508.28,4980.47,525.69
1/15/2025,515.02,5032.31,535.46
1/16/2025,520.05,5106.93,538.03
1/17/2025,523.62,5148.3,542.85
1/20/2025,523.87,5164.44,543.58
1/21/2025,525.98,5165.96,545.52
1/22/2025,528.04,5205.83,545.82
1/23/2025,530.34,5217.5,548.02
1/24/2025,530.07,5219.37,547.94
1/27/2025,529.69,5188.45,547.89
1/28/2025,531.6,5195.71,551.75
1/29/2025,534.26,5230.66,553.71
1/30/2025,538.84,5282.21,559.27
1/31/2025,539.53,5286.87,559.04
2/3/2025,534.85,5217.91,554.5
2/4/2025,536.04,5264.59,555.85
2/5/2025,538.56,5271.12,557.91
2/6/2025,544.84,5356.63,563.68
2/7/2025,542.75,5325.4,560.34
2/10/2025,545.92,5358.3,563.89
2/11/2025,547.18,5390.91,563.92
2/12/2025,547.78,5405.65,564.92
2/13/2025,553.75,5500.5,571.36
2/14/2025,552.41,5493.4,570.61
2/17/2025,555.42,5519.83,574.05
2/18/2025,557.17,5533.84,575.65
2/19/2025,552.1,5461.17,569.14
2/20/2025,551.01,5461.03,568.04
2/21/2025,553.85,5474.85,569.54
2/24/2025,553.39,5453.76,570.54
2/25/2025,554.2,5447.9,570.99
2/26/2025,559.67,5527.99,577.14
2/27/2025,557.11,5472.56,573.5
2/28/2025,557.19,5463.54,573.16
